id,price
3208,35621.0
3209,24573.0
3210,22303.0
3211,35166.0
3212,12670.0
3213,84454.0
3214,12168.0
3215,13721.0
3216,55644.0
3217,39982.0
3218,26538.0
3219,14185.0
3220,50776.0
3221,72360.0
3222,13778.0
3223,83773.0
3224,55173.0
3225,23382.0
3226,49133.0
3227,37548.0
3228,25771.0
3229,27540.0
3230,7480.0
3231,53013.0
3232,42143.0
3233,32489.0
3234,27794.0
3235,17582.0
3236,28890.0
3237,7286.0
3238,12127.0
3239,14045.0
3240,26282.0
3241,64173.0
3242,23312.0
3243,26203.0
3244,14324.0
3245,28343.0
3246,6830.0
3247,109104.0
3248,27628.0
3249,28980.0
3250,13238.0
3251,53046.0
3252,69384.0
3253,63371.0
3254,30542.0
3255,29660.0
3256,19554.0
3257,13142.0
3258,17124.0
3259,25388.0
3260,16236.0
3261,36597.0
3262,30437.0
3263,38989.0
3264,25851.0
3265,14411.0
3266,48651.0
3267,23216.0
3268,51406.0
3269,24941.0
3270,27560.0
3271,7646.0
3272,60201.0
3273,39402.0
3274,11995.0
3275,24801.0
3276,12632.0
3277,28586.0
3278,46854.0
3279,34179.0
3280,63841.0
3281,5813.0
3282,38007.0
3283,16043.0
3284,31697.0
3285,25791.0
3286,15922.0
3287,109641.0
3288,50580.0
3289,50161.0
3290,45090.0
3291,21590.0
3292,28600.0
3293,37552.0
3294,31640.0
3295,16143.0
3296,119613.0
3297,16450.0
3298,38598.0
3299,14194.0
3300,8033.0
3301,39224.0
3302,23671.0
3303,19550.0
3304,77740.0
3305,42086.0
3306,152145.0
3307,9078.0
3308,34728.0
3309,14947.0
3310,12975.0
3311,13896.0
3312,34364.0
3313,44082.0
3314,24189.0
3315,55670.0
3316,19645.0
3317,44398.0
3318,12171.0
3319,19783.0
3320,14178.0
3321,60287.0
3322,9937.0
3323,17437.0
3324,13489.0
3325,32532.0
3326,41588.0
3327,7870.0
3328,51273.0
3329,20430.0
3330,91977.0
3331,12103.0
3332,33432.0
3333,38826.0
3334,6698.0
3335,11512.0
3336,8969.0
3337,17826.0
3338,19363.0
3339,151340.0
3340,4983.0
3341,40900.0
3342,38558.0
3343,14501.0
3344,24038.0
3345,84092.0
3346,17003.0
3347,11223.0
3348,154769.0
3349,9163.0
3350,7538.0
3351,51104.0
3352,11991.0
3353,22796.0
3354,14373.0
3355,41427.0
3356,40620.0
3357,106250.0
3358,46993.0
3359,80231.0
3360,23705.0
3361,72678.0
3362,56247.0
3363,36386.0
3364,7053.0
3365,16924.0
3366,42419.0
3367,15301.0
3368,56427.0
3369,41736.0
3370,102533.0
3371,8144.0
3372,36098.0
3373,14021.0
3374,45929.0
3375,20387.0
3376,19981.0
3377,6870.0
3378,63454.0
3379,28642.0
3380,44101.0
3381,39312.0
3382,12783.0
3383,5393.0
3384,9107.0
3385,22668.0
3386,46477.0
3387,32700.0
3388,16340.0
3389,21610.0
3390,21101.0
3391,53592.0
3392,69972.0
3393,14500.0
3394,12061.0
3395,36776.0
3396,10567.0
3397,37363.0
3398,51833.0
3399,132540.0
3400,8553.0
3401,11875.0
3402,17948.0
3403,29356.0
3404,41425.0
3405,5665.0
3406,27560.0
3407,27801.0
3408,18784.0
3409,34563.0
3410,38332.0
3411,65754.0
3412,13591.0
3413,36747.0
3414,13540.0
3415,10479.0
3416,17715.0
3417,43130.0
3418,45900.0
3419,25173.0
3420,45531.0
3421,50670.0
3422,12696.0
3423,37233.0
3424,16354.0
3425,520173.0
3426,8120.0
3427,47352.0
3428,31645.0
3429,11446.0
3430,12515.0
3431,99138.0
3432,26341.0
3433,45170.0
3434,27618.0
3435,45436.0
3436,26534.0
3437,16510.0
3438,17535.0
3439,25289.0
3440,35959.0
3441,94763.0
3442,22619.0
3443,65978.0
3444,36669.0
3445,20307.0
3446,87046.0
3447,39810.0
3448,8196.0
3449,74303.0
3450,15068.0
3451,41400.0
3452,56496.0
3453,17229.0
3454,13107.0
3455,12041.0
3456,58750.0
3457,14711.0
3458,52816.0
3459,29450.0
3460,146431.0
3461,42677.0
3462,45584.0
3463,15545.0
3464,6754.0
3465,32119.0
3466,40054.0
3467,81091.0
3468,12922.0
3469,76482.0
3470,33171.0
3471,10804.0
3472,32105.0
3473,113492.0
3474,44714.0
3475,23098.0
3476,21782.0
3477,76768.0
3478,26013.0
3479,32149.0
3480,14652.0
3481,20372.0
3482,71962.0
3483,8565.0
3484,204581.0
3485,33521.0
3486,54499.0
3487,54494.0
3488,6990.0
3489,38691.0
3490,8805.0
3491,44866.0
3492,9606.0
3493,55762.0
3494,62724.0
3495,12899.0
3496,42292.0
3497,23704.0
3498,32068.0
3499,54083.0
3500,49696.0
3501,28165.0
3502,32911.0
3503,61027.0
3504,42880.0
3505,13702.0
3506,48165.0
3507,70302.0
3508,54527.0
3509,25887.0
3510,43307.0
3511,22814.0
3512,30583.0
3513,14247.0
3514,78568.0
3515,52224.0
3516,36346.0
3517,29359.0
3518,35291.0
3519,75085.0
3520,26999.0
3521,57727.0
3522,70434.0
3523,48049.0
3524,24684.0
3525,9576.0
3526,13904.0
3527,88288.0
3528,69437.0
3529,54239.0
3530,39333.0
3531,54099.0
3532,81953.0
3533,21075.0
3534,34845.0
3535,25686.0
3536,14637.0
3537,11534.0
3538,24444.0
3539,29876.0
3540,53346.0
3541,54858.0
3542,44406.0
3543,34796.0
3544,33488.0
3545,8718.0
3546,11371.0
3547,9101.0
3548,39747.0
3549,49348.0
3550,17333.0
3551,97742.0
3552,48702.0
3553,64837.0
3554,232324.0
3555,8391.0
3556,25191.0
3557,25416.0
3558,149076.0
3559,19236.0
3560,50290.0
3561,40771.0
3562,23256.0
3563,139159.0
3564,31749.0
3565,152248.0
3566,35841.0
3567,69676.0
3568,45158.0
3569,83172.0
3570,14867.0
3571,94389.0
3572,27483.0
3573,6070.0
3574,28895.0
3575,16486.0
3576,15566.0
3577,18285.0
3578,71659.0
3579,33216.0
3580,25598.0
3581,39136.0
3582,21162.0
3583,59068.0
3584,15820.0
3585,40530.0
3586,13063.0
3587,10094.0
3588,7525.0
3589,41381.0
3590,18301.0
3591,92397.0
3592,38273.0
3593,87331.0
3594,64909.0
3595,23434.0
3596,45572.0
3597,32261.0
3598,25088.0
3599,47446.0
3600,4525.0
3601,22556.0
3602,32031.0
3603,28017.0
3604,64011.0
3605,14135.0
3606,28192.0
3607,18447.0
3608,27438.0
3609,7662.0
3610,13928.0
3611,11228.0
3612,15129.0
3613,55454.0
3614,21887.0
3615,25431.0
3616,27811.0
3617,61351.0
3618,21600.0
3619,38292.0
3620,47404.0
3621,45441.0
3622,38498.0
3623,68773.0
3624,8023.0
3625,239187.0
3626,30580.0
3627,37505.0
3628,12915.0
3629,54023.0
3630,45875.0
3631,9497.0
3632,13638.0
3633,49254.0
3634,5085.0
3635,59214.0
3636,28855.0
3637,46729.0
3638,12418.0
3639,33019.0
3640,91799.0
3641,33928.0
3642,10696.0
3643,7571.0
3644,49351.0
3645,55198.0
3646,42944.0
3647,65571.0
3648,26558.0
3649,59217.0
3650,59230.0
3651,10473.0
3652,56029.0
3653,21959.0
3654,11926.0
3655,66859.0
3656,38327.0
3657,21894.0
3658,23497.0
3659,230358.0
3660,65165.0
3661,11024.0
3662,41037.0
3663,56566.0
3664,46946.0
3665,27766.0
3666,15850.0
3667,27780.0
3668,12750.0
3669,44409.0
3670,33093.0
3671,142714.0
3672,74328.0
3673,70051.0
3674,33997.0
3675,16565.0
3676,5544.0
3677,22606.0
3678,34511.0
3679,72326.0
3680,46454.0
3681,47049.0
3682,40673.0
3683,48072.0
3684,36987.0
3685,44645.0
3686,46924.0
3687,56421.0
3688,23883.0
3689,64228.0
3690,63122.0
3691,6878.0
3692,24166.0
3693,31311.0
3694,53192.0
3695,35395.0
3696,8243.0
3697,126361.0
3698,55295.0
3699,69648.0
3700,54003.0
3701,50079.0
3702,67083.0
3703,24967.0
3704,8744.0
3705,66103.0
3706,34482.0
3707,47952.0
3708,64920.0
3709,58137.0
3710,18372.0
3711,19680.0
3712,96419.0
3713,25749.0
3714,11336.0
3715,52997.0
3716,14936.0
3717,92251.0
3718,28761.0
3719,38946.0
3720,108900.0
3721,42901.0
3722,40777.0
3723,45862.0
3724,11621.0
3725,28095.0
3726,39121.0
3727,36608.0
3728,31234.0
3729,41309.0
3730,35020.0
3731,35612.0
3732,15218.0
3733,56254.0
3734,37123.0
3735,25332.0
3736,20410.0
3737,9132.0
3738,57474.0
3739,76067.0
3740,53984.0
3741,44064.0
3742,67335.0
3743,4725.0
3744,46638.0
3745,13911.0
3746,5052.0
3747,13073.0
3748,43893.0
3749,29337.0
3750,66323.0
3751,60286.0
3752,27455.0
3753,11967.0
3754,48309.0
3755,39674.0
3756,47188.0
3757,44312.0
3758,44168.0
3759,32340.0
3760,27858.0
3761,187720.0
3762,52573.0
3763,15321.0
3764,37701.0
3765,12868.0
3766,11983.0
3767,50924.0
3768,25828.0
3769,78046.0
3770,54439.0
3771,55134.0
3772,15950.0
3773,77814.0
3774,21259.0
3775,45384.0
3776,92970.0
3777,12507.0
3778,202803.0
3779,46723.0
3780,39797.0
3781,57342.0
3782,20055.0
3783,49174.0
3784,31616.0
3785,28295.0
3786,49528.0
3787,40942.0
3788,28610.0
3789,58890.0
3790,40076.0
3791,39023.0
3792,22988.0
3793,643460.0
3794,10580.0
3795,9945.0
3796,13362.0
3797,21423.0
3798,38189.0
3799,29773.0
3800,7379.0
3801,59175.0
3802,9398.0
3803,43638.0
3804,16384.0
3805,15465.0
3806,11446.0
3807,9074.0
3808,7825.0
3809,22163.0
3810,12226.0
3811,22408.0
3812,28412.0
3813,21336.0
3814,54546.0
3815,14904.0
3816,28213.0
3817,67523.0
3818,14162.0
3819,19490.0
3820,22161.0
3821,23174.0
3822,6693.0
3823,53391.0
3824,45687.0
3825,40746.0
3826,60833.0
3827,13505.0
3828,43307.0
3829,45990.0
3830,85014.0
3831,55324.0
3832,34569.0
3833,38897.0
3834,22323.0
3835,10696.0
3836,23327.0
3837,34680.0
3838,23438.0
3839,54900.0
3840,7155.0
3841,15852.0
3842,104639.0
3843,13473.0
3844,77797.0
3845,19205.0
3846,19394.0
3847,24676.0
3848,9117.0
3849,38384.0
3850,34422.0
3851,6426.0
3852,14770.0
3853,14202.0
3854,17909.0
3855,8869.0
3856,61626.0
3857,22518.0
3858,50636.0
3859,7766.0
3860,11681.0
3861,29048.0
3862,6740.0
3863,13357.0
3864,63256.0
3865,6029.0
3866,26826.0
3867,78451.0
3868,52190.0
3869,78107.0
3870,43903.0
3871,35654.0
3872,36891.0
3873,66815.0
3874,62162.0
3875,94039.0
3876,32362.0
3877,22876.0
3878,16901.0
3879,39469.0
3880,19070.0
3881,51570.0
3882,11508.0
3883,15978.0
3884,77667.0
3885,76040.0
3886,31272.0
3887,31871.0
3888,17568.0
3889,16746.0
3890,14324.0
3891,22837.0
3892,51865.0
3893,36048.0
3894,38418.0
3895,17113.0
3896,130204.0
3897,17739.0
3898,7134.0
3899,17782.0
3900,74857.0
3901,26820.0
3902,38024.0
3903,87595.0
3904,34500.0
3905,37628.0
3906,16929.0
3907,30291.0
3908,7931.0
3909,15563.0
3910,21548.0
3911,24270.0
3912,10942.0
3913,18273.0
3914,35913.0
3915,125514.0
3916,49239.0
3917,50974.0
3918,35330.0
3919,14854.0
3920,13235.0
3921,186358.0
3922,103226.0
3923,20109.0
3924,33666.0
3925,33319.0
3926,38832.0
3927,25101.0
3928,28003.0
3929,26924.0
3930,7143.0
3931,16739.0
3932,35565.0
3933,32786.0
3934,220859.0
3935,46768.0
3936,94427.0
3937,14609.0
3938,52801.0
3939,24624.0
3940,25824.0
3941,16635.0
3942,49738.0
3943,48009.0
3944,59052.0
3945,40907.0
3946,16577.0
3947,79213.0
3948,52374.0
3949,22781.0
3950,9971.0
3951,5066.0
3952,22046.0
3953,55583.0
3954,24711.0
3955,52545.0
3956,10254.0
3957,50467.0
3958,84475.0
3959,16660.0
3960,72401.0
3961,72737.0
3962,6360.0
3963,51354.0
3964,14262.0
3965,8489.0
3966,7468.0
3967,149472.0
3968,16217.0
3969,29231.0
3970,57049.0
3971,66598.0
3972,11763.0
3973,33896.0
3974,94795.0
3975,5115.0
3976,31209.0
3977,25487.0
3978,58414.0
3979,29467.0
3980,12293.0
3981,51781.0
3982,27005.0
3983,23182.0
3984,43737.0
3985,58683.0
3986,57858.0
3987,51958.0
3988,47915.0
3989,42372.0
3990,17000.0
3991,38871.0
3992,16268.0
3993,23678.0
3994,28988.0
3995,29447.0
3996,8694.0
3997,26559.0
3998,28008.0
3999,36918.0
4000,56716.0
4001,45946.0
4002,28543.0
4003,9135.0
4004,52946.0
4005,7090.0
4006,9190.0
4007,13295.0
4008,42752.0
4009,25117.0
